iteration,max_abs_share_error
1,0.0720668285222455
2,0.01927923871939871
3,0.004986437211248196
4,0.0012793866666336862
5,3.275673585510508e-4
6,8.381870967161253e-5
7,2.144372412843376e-5
8,5.485680935113368e-6
9,1.4032956440757083e-6
10,3.5897365541215365e-7
11,9.182765242643498e-8
12,2.3490007272641833e-8
13,6.008861408446364e-9
