party,point_estimate
A: Socialdemokratiet,0.2406591284908034
V: Venstre,0.13798734710539862
Other - Left,0.13402442836932849
M: Moderaterne,0.1001057124497973
F: SF - Socialistisk Folkeparti,0.0971976476975696
Other - Right,0.08694047469424589
I: Liberal Alliance,0.06819876082616096
Æ: Danmarksdemokraterne,0.06402353443961392
Did not vote,0.045241199318444614
Other,0.025621766608639625
