party,point_estimate
A: Socialdemokratiet,0.21804783788336116
V: Venstre,0.14012386309071045
Other - Left,0.13511371251938598
M: Moderaterne,0.10124250121323121
F: SF - Socialistisk Folkeparti,0.09957915095340819
Other - Right,0.09878792058749086
I: Liberal Alliance,0.06696771896322898
Æ: Danmarksdemokraterne,0.06492709092470339
Did not vote,0.046102726669498356
Other,0.029107477194982884
